{
  "timestamp": "2025-11-04_13-13-04",
  "total_tests": 5,
  "successful_tests": 5,
  "failed_tests": 0,
  "test_results": [
    {
      "test_name": "Baseline",
      "server_dataset_size": 50,
      "client_dataset_size": 5,
      "overlap_size": 5,
      "overlap_percent": 100,
      "matches_found": 5,
      "accuracy": 100,
      "initialization_time_ns": 11610056597,
      "encryption_time_ns": 321972430,
      "intersection_time_ns": 1173644905,
      "total_time_ns": 13238238533,
      "throughput_ops_per_sec": 0.37769375340503997,
      "memory_estimate_bytes": 230976,
      "success": true,
      "cryptographic_params": {
        "ring_dimension": 256,
        "modulus": 180143985094819841,
        "matrix_size": 4,
        "tree_layers": 4,
        "num_slots": 0,
        "load_factor": 0.5
      },
      "go_runtime_stats": {
        "allocated_memory_mb": 1783.8768844604492,
        "total_allocated_mb": 6040.987724304199,
        "system_memory_mb": 1906.3826446533203,
        "heap_alloc_mb": 1783.8768844604492,
        "heap_sys_mb": 1824.3125,
        "heap_idle_mb": 31.3359375,
        "heap_inuse_mb": 1792.9765625,
        "stack_inuse_mb": 19.15625,
        "num_gc": 50,
        "gc_cpu_percentage": 2.409494133755862,
        "last_gc_pause_ms": 3.755483,
        "total_gc_pause_ms": 182.472263,
        "num_goroutines": 1,
        "num_cpu": 96,
        "gomaxprocs": 96,
        "mallocs": 7112568,
        "frees": 5193184,
        "live_objects": 1919384
      },
      "ram_analysis": {
        "baseline_ram_mb": 1.022186279296875,
        "after_data_load_ram_mb": 1.1158065795898438,
        "data_load_ram_delta_mb": 0.09362030029296875,
        "after_server_init_ram_mb": 552.1917114257812,
        "server_init_ram_delta_mb": 551.0759048461914,
        "after_encryption_ram_mb": 876.5001602172852,
        "encryption_ram_delta_mb": 324.3084487915039,
        "peak_ram_mb": 1783.8768844604492,
        "total_ram_delta_mb": 1782.8546981811523,
        "ram_per_server_record_mb": 11.021518096923828,
        "ram_per_client_record_mb": 64.86168975830078,
        "system_total_ram_mb": 1906.3826446533203,
        "ram_usage_percent": 93.57391547093374
      }
    },
    {
      "test_name": "Small-Scale",
      "server_dataset_size": 100,
      "client_dataset_size": 10,
      "overlap_size": 10,
      "overlap_percent": 100,
      "matches_found": 10,
      "accuracy": 100,
      "initialization_time_ns": 25822347496,
      "encryption_time_ns": 577984256,
      "intersection_time_ns": 5183997215,
      "total_time_ns": 31893114169,
      "throughput_ops_per_sec": 0.3135473051333434,
      "memory_estimate_bytes": 232576,
      "success": true,
      "cryptographic_params": {
        "ring_dimension": 256,
        "modulus": 180143985094819841,
        "matrix_size": 4,
        "tree_layers": 4,
        "num_slots": 0,
        "load_factor": 0.5
      },
      "go_runtime_stats": {
        "allocated_memory_mb": 3967.957359313965,
        "total_allocated_mb": 24544.81502532959,
        "system_memory_mb": 4755.281234741211,
        "heap_alloc_mb": 3967.957359313965,
        "heap_sys_mb": 4594.53125,
        "heap_idle_mb": 619.0390625,
        "heap_inuse_mb": 3975.4921875,
        "stack_inuse_mb": 21.03125,
        "num_gc": 111,
        "gc_cpu_percentage": 1.3857944888890261,
        "last_gc_pause_ms": 2.540949,
        "total_gc_pause_ms": 218.42838100000006,
        "num_goroutines": 1,
        "num_cpu": 96,
        "gomaxprocs": 96,
        "mallocs": 28061270,
        "frees": 23991210,
        "live_objects": 4070060
      },
      "ram_analysis": {
        "baseline_ram_mb": 5.0304718017578125,
        "after_data_load_ram_mb": 5.199821472167969,
        "data_load_ram_delta_mb": 0.16934967041015625,
        "after_server_init_ram_mb": 1187.1095581054688,
        "server_init_ram_delta_mb": 1181.9097366333008,
        "after_encryption_ram_mb": 2121.8108520507812,
        "encryption_ram_delta_mb": 934.7012939453125,
        "peak_ram_mb": 3968.347984313965,
        "total_ram_delta_mb": 3963.317512512207,
        "ram_per_server_record_mb": 11.819097366333008,
        "ram_per_client_record_mb": 93.47012939453126,
        "system_total_ram_mb": 4755.281234741211,
        "ram_usage_percent": 83.45138359687212
      }
    },
    {
      "test_name": "Medium-Scale-1",
      "server_dataset_size": 250,
      "client_dataset_size": 25,
      "overlap_size": 25,
      "overlap_percent": 100,
      "matches_found": 25,
      "accuracy": 100,
      "initialization_time_ns": 64605099297,
      "encryption_time_ns": 1058501382,
      "intersection_time_ns": 33047550876,
      "total_time_ns": 99709438184,
      "throughput_ops_per_sec": 0.2507285213448495,
      "memory_estimate_bytes": 237376,
      "success": true,
      "cryptographic_params": {
        "ring_dimension": 256,
        "modulus": 180143985094819841,
        "matrix_size": 4,
        "tree_layers": 4,
        "num_slots": 0,
        "load_factor": 0.5
      },
      "go_runtime_stats": {
        "allocated_memory_mb": 7351.970199584961,
        "total_allocated_mb": 118135.51110839844,
        "system_memory_mb": 7827.8150634765625,
        "heap_alloc_mb": 7351.970199584961,
        "heap_sys_mb": 7586.25,
        "heap_idle_mb": 221.4375,
        "heap_inuse_mb": 7364.8125,
        "stack_inuse_mb": 21.1875,
        "num_gc": 202,
        "gc_cpu_percentage": 1.2422439866184674,
        "last_gc_pause_ms": 1.515197,
        "total_gc_pause_ms": 379.59782399999983,
        "num_goroutines": 1,
        "num_cpu": 96,
        "gomaxprocs": 96,
        "mallocs": 129094189,
        "frees": 120601525,
        "live_objects": 8492664
      },
      "ram_analysis": {
        "baseline_ram_mb": 5.6642913818359375,
        "after_data_load_ram_mb": 6.061454772949219,
        "data_load_ram_delta_mb": 0.39716339111328125,
        "after_server_init_ram_mb": 3196.8108825683594,
        "server_init_ram_delta_mb": 3190.74942779541,
        "after_encryption_ram_mb": 5997.9864501953125,
        "encryption_ram_delta_mb": 2801.175567626953,
        "peak_ram_mb": 7351.970199584961,
        "total_ram_delta_mb": 7346.305908203125,
        "ram_per_server_record_mb": 12.76299771118164,
        "ram_per_client_record_mb": 112.04702270507812,
        "system_total_ram_mb": 7827.8150634765625,
        "ram_usage_percent": 93.92110237616849
      }
    },
    {
      "test_name": "Medium-Scale-2",
      "server_dataset_size": 500,
      "client_dataset_size": 50,
      "overlap_size": 50,
      "overlap_percent": 100,
      "matches_found": 50,
      "accuracy": 100,
      "initialization_time_ns": 110731848718,
      "encryption_time_ns": 2760601728,
      "intersection_time_ns": 117104392270,
      "total_time_ns": 231526811791,
      "throughput_ops_per_sec": 0.2159577096631692,
      "memory_estimate_bytes": 245376,
      "success": true,
      "cryptographic_params": {
        "ring_dimension": 256,
        "modulus": 180143985094819841,
        "matrix_size": 4,
        "tree_layers": 4,
        "num_slots": 0,
        "load_factor": 0.5
      },
      "go_runtime_stats": {
        "allocated_memory_mb": 13943.048881530762,
        "total_allocated_mb": 476339.58406829834,
        "system_memory_mb": 15115.309631347656,
        "heap_alloc_mb": 13943.048881530762,
        "heap_sys_mb": 14681.8125,
        "heap_idle_mb": 716.09375,
        "heap_inuse_mb": 13965.71875,
        "stack_inuse_mb": 21.65625,
        "num_gc": 329,
        "gc_cpu_percentage": 1.487222126356009,
        "last_gc_pause_ms": 1.378588,
        "total_gc_pause_ms": 291.6657529999998,
        "num_goroutines": 1,
        "num_cpu": 96,
        "gomaxprocs": 96,
        "mallocs": 506227826,
        "frees": 489622994,
        "live_objects": 16604832
      },
      "ram_analysis": {
        "baseline_ram_mb": 5.93524169921875,
        "after_data_load_ram_mb": 6.716682434082031,